{"CAD_BTC":0.00001438,"BTC_CAD":69535.11,"CAD_ETH":0.000294621460240893,"ETH_CAD":3394.18,"USD_BTC":0.00001766,"BTC_USD":56623.76,"USD_ETH":0.000361801045605021,"ETH_USD":2763.95,"BTC_ETH":20.49390306383851,"ETH_BTC":0.048795,"CAD_USD":0.81,"USD_CAD":1.22}